<?xml version="1.0" encoding="UTF-8" standalone="yes"?>
<addon id="repository.myrepo" name="kodiaddting" version="0.0.1" provider-name="me">
	<extension point="xbmc.addon.repository" name="kodiaddting">
		<dir>
			<info compressed="false">https://raw.githubusercontent.com/noobsandnerds/modules4all/master/zips/addons.xml</info>
			<checksum>https://raw.githubusercontent.com/noobsandnerds/modules4all/master/zips/addons.xml.md5</checksum>
			<datadir zip="true">https://raw.githubusercontent.com/noobsandnerds/modules4all/master/zips/</datadir>
		</dir>
		<info compressed="false">https://raw.githubusercontent.com/themanxx/repository.myrepo/master/zips/addons.xml</info>
		<checksum>https://raw.githubusercontent.com/themanxx/repository.myrepo/master/zips/addons.xml.md5</checksum>
		<datadir zip="true">https://raw.githubusercontent.com/themanxx/repository.myrepo/master/zips/</datadir>
	</extension>
	<extension point="xbmc.addon.metadata">
		<summary lang="en">tings</summary>
		<description lang="en">add tings</description>
		<genre>devtools,howto,skin,wizard,uk,usa</genre>
	</extension>
</addon>